model,model_encoded
107,25000.0
108,31000.0
147,28500.0
159,123456.0
2,39785.71428571428
2 Sedan,42000.0
2008,54486.32692307692
206,19415.384615384617
206 SW,50000.0
206+,22700.0
207,26412.5
207 CC,23000.0
208,36193.358695652176
220,158998.5
250,150000.0
3,47269.38888888889
3 sedan,48500.0
3-hybride,77950.0
3-portes,185900.0
3008,68420.68965517242
301,25319.115384615383
307,19400.0
308,46494.44117647059
308 GT,116995.0
308 SW,33000.0
4008,54750.0
406,24500.0
407,25500.0
407 SW,22500.0
408,141400.0
5,52461.58823529412
5-portes,171400.0
500,41330.0
500 C,59000.0
5008,78890.90909090909
500C,29000.0
500X,52325.0
508,45829.166666666664
6,45655.555555555555
7,124950.0
806,55000.0
A1,48500.0
A1 Sportback,62260.0
A3,55385.71428571428
A3 Berline,64050.0
A3 Sportback,97833.33333333333
A4,50259.52380952381
A5,81111.92307692308
A5 Cabriolet,65000.0
A5 Sportback,116633.33333333333
A6,68500.0
A7,275000.0
A7 Sportback,205000.0
AMG GT,100000.0
ASX,61500.0
Accent,49971.42857142857
Actyon,42514.28571428572
Actyon Sports,36500.0
Agya,36850.0
AlHambra,79500.0
Allroad,180000.0
Alpine A110,80000.0
Altea,67069.0
Altima,46000.0
Alto,33000.0
Amarok,76726.70588235294
Antara,49000.0
Arona,73636.36363636363
Arosa,71444.44444444444
Arrizo 3,32000.0
Arrizo 5,48400.0
Astra,39615.230769230766
Ateca,98428.57142857143
Attrage,32000.0
Autre,45000.0
Autres,59488.88888888889
Avensis,26000.0
Aveo,24291.583333333332
Aygo,32833.333333333336
BT-50,59840.25
Baleno,64061.25
Bayon,96450.0
Beetle,36000.0
Berlingo,45446.416666666664
Berlingo Utilitaire,48000.0
Berlingo Van,57333.333333333336
Bipper,43933.333333333336
Bipper Tepee,34500.0
Boxer,50200.0
Brio Amaze,32000.0
C-Elysée,27791.285714285714
C-HR,86188.1875
C-Max,22000.0
C1,25900.0
C15,140900.0
C2,20000.0
C3,34093.47826086957
C3 Aircross,56000.0
C3 Pluriel,19500.0
C3 Populaire,45000.0
C35,37590.90909090909
C4,34773.82608695652
C4 Aircross,65983.0
C4 Cactus,38573.333333333336
C4 Picasso,38300.0
C4 X,69900.0
C5,34005.555555555555
C5 Aircross,70000.0
CLA,137060.9756097561
CLE Coupé,316200.0
CLS,157666.66666666666
CR-V,97500.0
CX-3,81500.0
CX-5,58999.857142857145
CX-7,34000.0
CX-9,109300.0
CX7,34999.0
Cabrio,65000.0
Caddy,42575.0
Camaro,142300.0
Caprice,19500.0
Captiva,77166.66666666667
Captur,43916.666666666664
Capture,49934.25
Carens,42000.0
Cayenne,131295.06666666668
Cayman,260000.0
Cee'd,52000.0
Ceed,85666.66666666667
Celerio,36874.38461538462
Ceo,41000.0
Cerato,38743.0
Cerato KOUP,34200.0
Chairman,94000.0
Cherokee,88000.0
Ciaz,48333.333333333336
City,57137.5
Civic,67666.66666666667
Classe A,99692.97468354431
Classe A Berline,126625.0
Classe B,88150.0
Classe C,120607.18705035972
Classe C Coupe,79000.0
Classe C coupé,96000.0
Classe CL,280000.0
Classe CLA,111553.57142857143
Classe CLK,30000.0
Classe CLS,58000.0
Classe E,119128.14285714286
Classe E coupé,89733.33333333333
Classe GL,96172.5
Classe GLA,118444.44444444444
Classe GLC,201666.66666666666
Classe GLE,12345.0
Classe GLK,59999.0
Classe ML,77500.0
Classe S,131142.85714285713
Classe SLS,150000.0
Classe X,145000.0
Clio,37933.7570093458
Combo,111111.0
Combo Cargo,45000.0
Commander,80000.0
Compass,89755.55555555556
Coolray,80000.0
Cooper,33500.0
Corolla,79857.14285714286
Corolla verso,70800.0
Corsa,35857.142857142855
Country Man,40000.0
Crafter,38500.0
Creta,74285.71428571429
Cruze,33600.0
D-MAX,105347.69565217392
D-Max Double Cabine,105666.66666666667
D-Max Simple Cabine,96500.0
DS,72000.0
DS23,85000.0
DS3,29514.285714285714
DS4,36500.0
DS5,39000.0
Defender 110,235000.0
Discovery,269000.0
Discovery Sport,153200.0
Doblo,30380.0
Doblo Maxi,35500.0
Dokker,30891.304347826088
Dokker Van,30666.666666666668
Ducato,51500.0
Duster,49292.583333333336
E Coupé,199250.0
E-208,63000.0
E-Pace,155000.0
E-tron,165000.0
E-tron Sportback,169500.0
E2000,41250.0
ECOSPORT,61400.1
EQA,151250.0
EQB,180000.0
EQS Berline,330000.0
EV6,188000.0
Ecosport,59817.64705882353
Elantra,49200.0
Ertiga,49500.0
Escape,55000.0
Escort,53000.0
Expert,40500.0
Expert Combi,74000.0
Express,16000.0
Express Van,47000.0
F-Pace,132000.0
F-Type,193333.33333333334
F150,90500.0
F350,22000.0
FJ Cruiser,230000.0
Fabia,47761.53846153846
Fiat.Doblo,35000.0
Fiat.Punto,24500.0
Fiesta,32709.462962962964
Figo,25500.0
Fiorino,32934.782608695656
Fluence,30250.0
Focus,39398.63636363636
Focus C-MAX,34166.666666666664
Focus sedan,53224.0
Freelander,59000.0
Freemont,80000.0
Fusion,56582.833333333336
GK-GL,66489.0
GK-GS,62333.333333333336
GK-GT,49333.333333333336
GLA,140177.77777777778
GLB,184000.0
GLC,190166.66666666666
GLC Coupé,227995.2380952381
GLE,298333.3333333333
GLE Coupé,245800.0
GLK,80000.0
GS,57666.666666666664
GT,73833.33333333333
GT86,109000.0
GX3,48000.0
Giulietta,42642.857142857145
Golf,61424.46875
Golf 5,32375.0
Golf 6,40009.045454545456
Golf 7,63184.931506849316
Golf 8,92444.20967741935
Golf Plus,77000.0
Grand C4 Picasso,45250.0
Grand Cherokee,192666.66666666666
Grand Espace,60000.0
Grand Scenic,29333.333333333332
Grand i10,41700.0
Grand i10 Sedan,37250.0
Grande Punto,24847.619047619046
Groove,68000.0
Gt,27000.0
H5,55000.0
H6,80196.29629629629
HR-V,72750.0
HS,81541.66666666667
Haval H2,59250.0
Haval H6,86996.55172413793
Haval Jolion,80520.0
Hi Ace,28999.6
Hilux,119615.38461538461
Hilux Double Cabine,173625.0
Hilux Simple Cabine,180000.0
Hover,30028.0
I 10,37129.166666666664
I 20,47830.434782608696
I 30,77666.66666666667
Ibiza,48606.53846153846
Ibiza Populaire,42500.0
Ioniq 5,129900.0
Ix 35,50875.0
J9,79333.33333333333
Jazz,77000.0
Jetta,38992.619047619046
Jimny,28000.0
Jimny 3 portes,89750.0
Jimny 5 portes,117000.0
Juke,46350.0
Jumper,39000.0
Jumpy,62964.28571428572
Jumpy Combi,80500.0
Jumpy Fourgon,72333.33333333333
K2700,44000.0
KUV 100,30318.18181818182
Ka,25542.85714285714
Kadjar,73570.0
Kamiq,74831.0
Kangoo,42875.0
King Cab,29000.0
Koleos,42750.0
Kona,92400.0
Korando,50375.0
Kuga,68056.125
Kwid Populaire,34250.0
L200,44142.857142857145
L200 Double Cabine,135000.0
L200 Sportero,102500.0
LC,42666.666666666664
Laguna,27500.0
Laguna Estate,30000.0
Lancer,29000.0
Land Cruiser,129000.0
Landtrek Double Cabine,84200.0
Landtrek Simple Cabine,54750.0
Leon,61183.333333333336
Leon SC,44225.0
Leon ST,57333.333333333336
Linea,23000.0
Lodgy,58000.0
Logan,22500.0
Logan MCV,40571.42857142857
M4,39500.0
M6,148000.0
ML,93400.0
MX3,63500.0
Macan,259900.0
Maruti,290000.0
Master,29333.333333333332
Megane,42073.68421052631
Megane Estate,41316.666666666664
Megane Sedan,48500.0
Megane coupé,35000.0
Metro,39000.0
Micra,28413.333333333332
Mito,27000.0
Mokka,61175.0
Mondeo,32400.0
Mustang,158750.0
NKR 66 Simple Cabine,115000.0
Navara,79800.0
Nemo,23076.923076923078
New Beetle,38500.0
Octavia,66933.33333333333
One,56456.666666666664
Optima,43666.666666666664
Optra,19875.0
Outlander,48000.0
Pajero,109333.33333333333
Pajero Sport,167500.0
Palio,19400.0
Palisade,250000.0
Panamera,169888.88888888888
Panda,35043.75
Panda City Cross,39350.0
Partner,43671.63157894737
Partner Origin Utilitaire,52000.0
Passat,66059.5744680851
Passat CC,44545.454545454544
Patriot,32555.5
Patrol GR,75000.0
Peugeot.206,19500.0
Picanto,43406.43548387097
Pick-up SC,19000.0
Pinto,17500.0
Poer AT,116666.66666666667
Poer MT,88000.0
Polo,42512.75
Polo Sedan,49277.77777777778
Porsche.Cayenne,129000.0
Prado,180500.0
Previa,41000.0
Puma,78000.0
Punto,24775.0
Q2,105400.0
Q3,95378.1
Q3 Sportback,148000.0
Q4 E-tron,170000.0
Q5,106370.37037037036
Q7,124350.0
Q8,337000.0
Q8 E-tron,185000.0
Q8 Sportback e-tron,300000.0
QQ,23150.0
QQ6,23750.0
Qashqai,62807.142857142855
RAV 4,88286.73913043478
RCZ,39900.0
Rafale,185000.0
Range Rover,350000.0
Range Rover Evoque,125000.0
Range Rover Sport,216538.46153846153
Range Rover Velar,238285.7142857143
Ranger,95766.66666666667
Ranger Raptor,155000.0
Renegade,76057.14285714286
Rexton,52500.0
Rifter,74000.0
Rio,45325.769230769234
Rio 5p,56228.57142857143
Rio Berline,47200.0
S2,87000.0
S3,189000.0
S5,97500.0
S50,39500.0
SX3,54800.0
SX4,53000.0
Safrane,41000.0
Sandero,41900.0
Sandero Stepway,45500.0
Santa Fe,75000.0
Scala,71000.0
Scenic,63000.0
Scirocco,35000.0
Scorpion,25800.0
Seat.Leon,46000.0
Seltos,99500.71428571429
Serie 1,50562.5
Serie 2,101999.4
Serie 3,68906.89655172414
Serie 3 GT,74166.66666666667
Serie 4,86714.0
Serie 5,108785.71428571429
Serie 7,140000.0
Siena,18000.0
Sonet,94000.0
Sonic,43000.0
Sonic 4p,29000.0
Sorento,56441.666666666664
Soul,44000.0
Spark,25575.0
Sportage,86019.60714285714
Stelvio,137000.0
Stonic,72714.28571428571
Sunny,30000.0
Super Duty,52000.0
Superb,117666.66666666667
Swift,39176.0
Symbol,37245.055555555555
Série 1,75650.0
Série 1 3p,36000.0
Série 2 Gran Coupé,126333.33333333333
Série 3,73089.28571428571
Série 3 GT,90000.0
Série 3 cabriolet,85000.0
Série 3 coupé,48450.0
Série 4 Coupé,89750.0
Série 4 Gran Coupé,114363.63636363637
Série 5,134552.63157894736
Série 7,151375.0
T-Cross,80833.33333333333
T-ROC,98069.9
T-roc,83200.0
TT,235000.0
Taigo,94250.0
Tarraco,93450.0
Tiggo,56389.10810810811
Tiggo 2,39900.0
Tiggo 3X,51833.333333333336
Tiggo 4,58450.0
Tiggo 7 Pro,75638.85714285714
Tiggo 8 Pro,87000.0
Tiguan,90907.125
Tipo,43114.28571428572
Tipo 5 portes,54250.0
Tipo Berline,59250.0
Tivoli,55358.625
Toledo,65000.0
Touareg,158666.66666666666
Touran,87500.0
Trafic,61666.666666666664
Transit,24000.0
Transporter,27666.666666666668
Transporter Fourgon 6.1,67000.0
Tucson,100918.91891891892
Twingo,30250.0
UP,38000.0
Utilitaire,93000.0
Vectra,23000.0
Veloster,39000.0
Virtus,74000.0
Vitara,59187.5
Vivaro,42000.0
Wagon R,49500.0
Wingle 5 Double Cabine,47500.0
Wrangler,173625.0
Wrangler Unlimited,268750.0
X-Trail,55666.666666666664
X-Type,45000.0
X1,104140.90909090909
X2,133666.66666666666
X3,134500.0
X4,133391.2
X5,148000.0
X6,124000.0
XCeed,96500.0
XF,114666.66666666667
XJL,119666.66666666667
XL7,31000.0
XUV 300,46500.0
Yaris,44615.38461538462
Yaris Cross Hybride,109000.0
Yaris Verso,34500.0
Z4,98000.0
ZS,60779.52272727273
a3-berline,165990.0
a3-sportback,159990.0
a5-berline,259000.0
a6-sportback-e-tron,269000.0
accord,189990.0
aceman,139900.0
amarok,217480.0
arona,96313.33333333333
ateca,138646.66666666666
austral,134900.0
azera-hybride,249950.0
azkara,113800.0
baleno,71900.0
bayon,90450.0
berlingo-multispace,101900.0
berlingo-van,67490.0
boxer,98900.0
boxer-plateau-double-cabine,109900.0
c3-populaire,34626.0
c31,44900.0
c32,52900.0
c4-x,90233.33333333333
celerio-populaire,28935.0
city,80740.0
civic,145990.0
civic-hybride,171990.0
civic-type-r,274400.0
cla,210900.0
classe-a,181666.66666666666
classe-a-berline,182333.33333333334
classe-c,254750.0
classe-c-hybride,331500.0
classe-e,337400.0
classe-e-plug-in-hybride,357400.0
cle-coupe,340000.0
clio,77283.33333333333
coaster,243000.0
coolray,84800.0
cooper-e,129900.0
corolla,108900.0
corolla-sedan-hybride,124800.0
countryman,184900.0
countryman-electric,189900.0
cr-v,190990.0
cr-v-hybride,204990.0
creta,118950.0
cyberster,179950.0
doblo,68244.5
doblo-combi,104900.0
ducato,85000.0
e-tron-gt,360000.0
e-zs,72000.0
ec40-recharge,204900.0
ehs,119900.0
emgrand,71300.0
eqb,249900.0
eqe-berline,349000.0
ertiga,83650.0
ev6,219980.0
ev6-gt,262980.0
ev9,302480.0
ex30,148233.33333333334
expert,88900.0
expert-combi,152900.0
express-combi,88900.0
express-van,59950.0
fabia,75313.33333333333
fiorino-combi,81000.0
fortuner,274800.0
fronx,84400.0
geometry,109000.0
gla,214900.0
glb,226900.0
glc,340000.0
glory-500,74900.0
glory-580,99900.0
glory-ix5,104900.0
golf-8,134980.0
grand-i10,56450.0
grand-i10-populaire,34805.0
grand-i10-sedan,56950.0
gx3-pro,65550.0
hiace,142000.0
hiace-van,81900.0
hilux,176350.0
hilux-simple-cabine,123800.0
hr-v,119900.0
hs,104950.0
hs-hybridplus,114950.0
i10,33500.0
i20,61965.0
i30,72000.0
i30 Fastback,73000.0
i30-fastback,99950.0
i4,239340.0
i5,327900.0
iX,239000.0
iX3,169000.0
ibiza,80980.0
ioniq-5,189832.5
ioniq-5-n,249950.0
ioniq-6,204950.0
ix1,226900.0
ix2,239900.0
ix35,48166.666666666664
jazz,85990.0
jimny,104900.0
jimny-5p,129900.0
jolion,74625.0
jumper,99900.0
jumpy-combi,152900.0
jumpy-fourgon,88900.0
k01h,36900.0
k01s,33900.0
k02s,41900.0
kamiq,100313.33333333333
kona,143500.0
kona-ev,123900.0
kushaq,85980.0
kwid,30095.0
land-cruiser-76,244000.0
land-cruiser-79,149800.0
landtrek-double-cabine,100945.0
landtrek-simple-cabine,77490.0
leon,120313.33333333333
macan-electric,306500.0
master,87600.0
megane,94950.0
megane-sedan,105800.0
monjaro,235000.0
niro,134980.0
octavia,128313.33333333333
palisade-calligraphy,350050.0
partner,64490.0
picanto,60105.0
picanto-populaire,32190.0
polo,89980.0
prado,342000.0
q2,149990.0
q3,199000.0
q3-sportback,219000.0
q6-e-tron,269000.0
q6-sportback-e-tron,289000.0
rav-4-hybride,168500.0
rifter,105900.0
rx9,164950.0
s5,84950.0
s50,38857.0
scala,99313.33333333333
scudo,86000.0
scudo-combi,162000.0
seltos,120980.0
serie-1-5p,182150.0
serie-2-gran-coupe,194700.0
serie-3,238650.0
serie-3-hybride,303233.3333333333
serie-4-gran-coupe,304900.0
serie-5,347400.0
sonet,95480.0
sorento-hybride,249980.0
sportage,146980.0
sportage-hybride,182480.0
staria,159600.0
staria-9-places,230016.66666666666
starray,129800.0
swift,60775.0
t-cross,90313.33333333333
tiguan,176980.0
tipo-berline,79500.0
traveller,169900.0
tucson,180000.0
tucson-hybride,177475.0
tugella,199800.0
v5,35000.0
venue,90000.0
virtus,77980.0
x1,206150.0
x1-hybride,244566.66666666666
x2,221650.0
xc40,208233.33333333334
xc60,329400.0
yaris-cross,119800.0
yaris-hybride,84900.0
zr-v,145000.0
zs,84450.0
zs-hybride,97950.0
