Actual_Price,Predicted_Price,Error,Abs_Error,Pct_Error,Error_Category
46500,48835,2335,2335,5.02,Excellent (<5k)
68000,63319,-4681,4681,6.88,Excellent (<5k)
50000,83708,33708,33708,67.42,Poor (>20k)
129000,117363,-11637,11637,9.02,Fair (10-15k)
27000,27994,994,994,3.68,Excellent (<5k)
78000,79774,1774,1774,2.27,Excellent (<5k)
69800,82001,12201,12201,17.48,Fair (10-15k)
175000,177183,2183,2183,1.25,Excellent (<5k)
66000,65705,-295,295,0.45,Excellent (<5k)
62000,64395,2395,2395,3.86,Excellent (<5k)
61000,47796,-13204,13204,21.65,Fair (10-15k)
89000,82880,-6120,6120,6.88,Good (5-10k)
130000,123419,-6581,6581,5.06,Good (5-10k)
22500,34493,11993,11993,53.3,Fair (10-15k)
67000,63412,-3588,3588,5.36,Excellent (<5k)
24300,22888,-1412,1412,5.81,Excellent (<5k)
269000,240204,-28796,28796,10.7,Poor (>20k)
120000,142045,22045,22045,18.37,Poor (>20k)
69000,83236,14236,14236,20.63,Fair (10-15k)
65000,61193,-3807,3807,5.86,Excellent (<5k)
225000,162954,-62046,62046,27.58,Poor (>20k)
44000,38590,-5410,5410,12.29,Good (5-10k)
158000,134196,-23804,23804,15.07,Poor (>20k)
165000,160651,-4349,4349,2.64,Excellent (<5k)
74500,86494,11994,11994,16.1,Fair (10-15k)
90000,87697,-2303,2303,2.56,Excellent (<5k)
67000,59592,-7408,7408,11.06,Good (5-10k)
139990,165185,25195,25195,18.0,Poor (>20k)
88999,73593,-15406,15406,17.31,Moderate (15-20k)
42000,51372,9372,9372,22.32,Good (5-10k)
154980,172693,17713,17713,11.43,Moderate (15-20k)
37000,39249,2249,2249,6.08,Excellent (<5k)
35000,38686,3686,3686,10.53,Excellent (<5k)
129980,141947,11967,11967,9.21,Fair (10-15k)
60500,65518,5018,5018,8.29,Good (5-10k)
46000,46655,655,655,1.42,Excellent (<5k)
57000,66127,9127,9127,16.01,Good (5-10k)
32000,29158,-2842,2842,8.88,Excellent (<5k)
29000,27462,-1538,1538,5.3,Excellent (<5k)
85000,88540,3540,3540,4.16,Excellent (<5k)
85000,80691,-4309,4309,5.07,Excellent (<5k)
34000,40707,6707,6707,19.73,Good (5-10k)
35900,32602,-3298,3298,9.19,Excellent (<5k)
78500,86939,8439,8439,10.75,Good (5-10k)
38000,34204,-3796,3796,9.99,Excellent (<5k)
71000,64763,-6237,6237,8.78,Good (5-10k)
28500,24197,-4303,4303,15.1,Excellent (<5k)
69000,68384,-616,616,0.89,Excellent (<5k)
175000,171172,-3828,3828,2.19,Excellent (<5k)
185000,198416,13416,13416,7.25,Fair (10-15k)
155000,162096,7096,7096,4.58,Good (5-10k)
43500,42443,-1057,1057,2.43,Excellent (<5k)
60000,63474,3474,3474,5.79,Excellent (<5k)
139980,141947,1967,1967,1.4,Excellent (<5k)
53500,44502,-8998,8998,16.82,Good (5-10k)
51900,51539,-361,361,0.69,Excellent (<5k)
60950,54204,-6746,6746,11.07,Good (5-10k)
97980,96142,-1838,1838,1.88,Excellent (<5k)
60000,53524,-6476,6476,10.79,Good (5-10k)
31500,60247,28747,28747,91.26,Poor (>20k)
92000,78366,-13634,13634,14.82,Fair (10-15k)
19400,21147,1747,1747,9.0,Excellent (<5k)
46500,42721,-3779,3779,8.13,Excellent (<5k)
46997,47842,845,845,1.8,Excellent (<5k)
49500,54478,4978,4978,10.06,Excellent (<5k)
115000,128282,13282,13282,11.55,Fair (10-15k)
104900,98349,-6551,6551,6.25,Good (5-10k)
44000,41528,-2472,2472,5.62,Excellent (<5k)
48000,48136,136,136,0.28,Excellent (<5k)
44500,45466,966,966,2.17,Excellent (<5k)
32000,29238,-2762,2762,8.63,Excellent (<5k)
139900,141710,1810,1810,1.29,Excellent (<5k)
55000,45104,-9896,9896,17.99,Good (5-10k)
26000,27736,1736,1736,6.68,Excellent (<5k)
43800,45774,1974,1974,4.51,Excellent (<5k)
59000,78128,19128,19128,32.42,Moderate (15-20k)
75000,96097,21097,21097,28.13,Poor (>20k)
69000,75205,6205,6205,8.99,Good (5-10k)
119000,132156,13156,13156,11.06,Fair (10-15k)
25000,19977,-5023,5023,20.09,Good (5-10k)
58000,54994,-3006,3006,5.18,Excellent (<5k)
117000,107342,-9658,9658,8.26,Good (5-10k)
76000,65558,-10442,10442,13.74,Fair (10-15k)
195000,184309,-10691,10691,5.48,Fair (10-15k)
54000,56266,2266,2266,4.2,Excellent (<5k)
19500,24182,4682,4682,24.01,Excellent (<5k)
70000,75966,5966,5966,8.52,Good (5-10k)
39500,38865,-635,635,1.61,Excellent (<5k)
42000,41822,-178,178,0.42,Excellent (<5k)
104000,122948,18948,18948,18.22,Moderate (15-20k)
41000,40223,-777,777,1.9,Excellent (<5k)
53000,46703,-6297,6297,11.88,Good (5-10k)
49500,35649,-13851,13851,27.98,Fair (10-15k)
51000,49867,-1133,1133,2.22,Excellent (<5k)
199900,209833,9933,9933,4.97,Good (5-10k)
65000,79309,14309,14309,22.01,Fair (10-15k)
255000,205638,-49362,49362,19.36,Poor (>20k)
90000,84801,-5199,5199,5.78,Good (5-10k)
37000,44339,7339,7339,19.84,Good (5-10k)
79200,83086,3886,3886,4.91,Excellent (<5k)
60000,71743,11743,11743,19.57,Fair (10-15k)
28000,22355,-5645,5645,20.16,Good (5-10k)
35000,37128,2128,2128,6.08,Excellent (<5k)
146999,135439,-11560,11560,7.86,Fair (10-15k)
149000,145661,-3339,3339,2.24,Excellent (<5k)
39000,43340,4340,4340,11.13,Excellent (<5k)
35000,30734,-4266,4266,12.19,Excellent (<5k)
29000,35492,6492,6492,22.39,Good (5-10k)
26000,33428,7428,7428,28.57,Good (5-10k)
142000,142849,849,849,0.6,Excellent (<5k)
104950,97015,-7935,7935,7.56,Good (5-10k)
99000,96693,-2307,2307,2.33,Excellent (<5k)
49500,51303,1803,1803,3.64,Excellent (<5k)
58000,70745,12745,12745,21.97,Fair (10-15k)
43000,42527,-473,473,1.1,Excellent (<5k)
85000,70992,-14008,14008,16.48,Fair (10-15k)
34000,57423,23423,23423,68.89,Poor (>20k)
137000,127393,-9607,9607,7.01,Good (5-10k)
56000,54495,-1505,1505,2.69,Excellent (<5k)
88500,93441,4941,4941,5.58,Excellent (<5k)
29000,33607,4607,4607,15.89,Excellent (<5k)
70000,80837,10837,10837,15.48,Fair (10-15k)
70000,66072,-3928,3928,5.61,Excellent (<5k)
133000,148990,15990,15990,12.02,Moderate (15-20k)
54500,53635,-865,865,1.59,Excellent (<5k)
45000,48072,3072,3072,6.83,Excellent (<5k)
21000,23697,2697,2697,12.84,Excellent (<5k)
18600,24766,6166,6166,33.15,Good (5-10k)
83000,104323,21323,21323,25.69,Poor (>20k)
110000,119149,9149,9149,8.32,Good (5-10k)
42000,36366,-5634,5634,13.41,Good (5-10k)
70000,80156,10156,10156,14.51,Fair (10-15k)
36500,26154,-10346,10346,28.35,Fair (10-15k)
29000,33154,4154,4154,14.32,Excellent (<5k)
52000,53616,1616,1616,3.11,Excellent (<5k)
46500,50480,3980,3980,8.56,Excellent (<5k)
33500,30329,-3171,3171,9.47,Excellent (<5k)
40000,41176,1176,1176,2.94,Excellent (<5k)
75490,87652,12162,12162,16.11,Fair (10-15k)
129900,135234,5334,5334,4.11,Good (5-10k)
62000,76772,14772,14772,23.83,Fair (10-15k)
35750,37063,1313,1313,3.67,Excellent (<5k)
59000,52862,-6138,6138,10.4,Good (5-10k)
105000,113315,8315,8315,7.92,Good (5-10k)
42000,40623,-1377,1377,3.28,Excellent (<5k)
48500,41428,-7072,7072,14.58,Good (5-10k)
50000,56555,6555,6555,13.11,Good (5-10k)
128000,143111,15111,15111,11.81,Moderate (15-20k)
28500,29650,1150,1150,4.04,Excellent (<5k)
85000,118253,33253,33253,39.12,Poor (>20k)
52000,41671,-10329,10329,19.86,Fair (10-15k)
48000,58296,10296,10296,21.45,Fair (10-15k)
30000,37911,7911,7911,26.37,Good (5-10k)
74000,75260,1260,1260,1.7,Excellent (<5k)
64999,70769,5770,5770,8.88,Good (5-10k)
189980,195298,5318,5318,2.8,Good (5-10k)
78500,86939,8439,8439,10.75,Good (5-10k)
20500,20806,306,306,1.49,Excellent (<5k)
123000,106641,-16359,16359,13.3,Moderate (15-20k)
73000,65071,-7929,7929,10.86,Good (5-10k)
61800,42829,-18971,18971,30.7,Moderate (15-20k)
145000,157369,12369,12369,8.53,Fair (10-15k)
30000,36092,6092,6092,20.31,Good (5-10k)
142200,119299,-22901,22901,16.11,Poor (>20k)
74000,97479,23479,23479,31.73,Poor (>20k)
175000,159727,-15273,15273,8.73,Moderate (15-20k)
97950,116783,18833,18833,19.23,Moderate (15-20k)
52000,47868,-4132,4132,7.95,Excellent (<5k)
24000,25746,1746,1746,7.28,Excellent (<5k)
65000,58479,-6521,6521,10.03,Good (5-10k)
20000,38784,18784,18784,93.92,Moderate (15-20k)
30000,28671,-1329,1329,4.43,Excellent (<5k)
42000,51454,9454,9454,22.51,Good (5-10k)
31000,37742,6742,6742,21.75,Good (5-10k)
54000,77910,23910,23910,44.28,Poor (>20k)
72500,61090,-11410,11410,15.74,Fair (10-15k)
20000,32773,12773,12773,63.87,Fair (10-15k)
43000,34199,-8801,8801,20.47,Good (5-10k)
129000,130650,1650,1650,1.28,Excellent (<5k)
62000,60579,-1421,1421,2.29,Excellent (<5k)
49990,60448,10458,10458,20.92,Fair (10-15k)
50000,59128,9128,9128,18.26,Good (5-10k)
88000,106033,18033,18033,20.49,Moderate (15-20k)
107980,97251,-10729,10729,9.94,Fair (10-15k)
144980,137188,-7792,7792,5.37,Good (5-10k)
172000,180224,8224,8224,4.78,Good (5-10k)
70500,58207,-12293,12293,17.44,Fair (10-15k)
77000,61563,-15437,15437,20.05,Moderate (15-20k)
38000,71935,33935,33935,89.3,Poor (>20k)
64000,87737,23737,23737,37.09,Poor (>20k)
33900,31358,-2542,2542,7.5,Excellent (<5k)
63000,69153,6153,6153,9.77,Good (5-10k)
80000,82751,2751,2751,3.44,Excellent (<5k)
35500,39159,3659,3659,10.31,Excellent (<5k)
98000,108732,10732,10732,10.95,Fair (10-15k)
107000,140345,33345,33345,31.16,Poor (>20k)
33000,31222,-1778,1778,5.39,Excellent (<5k)
49500,49041,-459,459,0.93,Excellent (<5k)
47500,38613,-8887,8887,18.71,Good (5-10k)
85000,81007,-3993,3993,4.7,Excellent (<5k)
32500,30804,-1696,1696,5.22,Excellent (<5k)
51000,48057,-2943,2943,5.77,Excellent (<5k)
39500,45570,6070,6070,15.37,Good (5-10k)
41000,37870,-3130,3130,7.63,Excellent (<5k)
100000,89940,-10060,10060,10.06,Fair (10-15k)
40000,49892,9892,9892,24.73,Good (5-10k)
24000,23671,-329,329,1.37,Excellent (<5k)
128000,113202,-14798,14798,11.56,Fair (10-15k)
158000,159314,1314,1314,0.83,Excellent (<5k)
41000,53308,12308,12308,30.02,Fair (10-15k)
90000,90236,236,236,0.26,Excellent (<5k)
27600,24018,-3582,3582,12.98,Excellent (<5k)
83500,78321,-5179,5179,6.2,Good (5-10k)
192000,195652,3652,3652,1.9,Excellent (<5k)
82000,78260,-3740,3740,4.56,Excellent (<5k)
36000,36619,619,619,1.72,Excellent (<5k)
69000,69560,560,560,0.81,Excellent (<5k)
75000,86076,11076,11076,14.77,Fair (10-15k)
105000,85437,-19563,19563,18.63,Moderate (15-20k)
46000,34156,-11844,11844,25.75,Fair (10-15k)
51000,51939,939,939,1.84,Excellent (<5k)
68000,59200,-8800,8800,12.94,Good (5-10k)
99900,94663,-5237,5237,5.24,Good (5-10k)
50000,43249,-6751,6751,13.5,Good (5-10k)
129000,134761,5761,5761,4.47,Good (5-10k)
30000,28671,-1329,1329,4.43,Excellent (<5k)
58500,64489,5989,5989,10.24,Good (5-10k)
148600,113401,-35199,35199,23.69,Poor (>20k)
105000,116703,11703,11703,11.15,Fair (10-15k)
38000,55637,17637,17637,46.41,Moderate (15-20k)
20000,24503,4503,4503,22.51,Excellent (<5k)
64000,84507,20507,20507,32.04,Poor (>20k)
150000,84554,-65446,65446,43.63,Poor (>20k)
69500,73940,4440,4440,6.39,Excellent (<5k)
38000,36829,-1171,1171,3.08,Excellent (<5k)
50000,48613,-1387,1387,2.77,Excellent (<5k)
129900,121725,-8175,8175,6.29,Good (5-10k)
33000,29637,-3363,3363,10.19,Excellent (<5k)
75000,88026,13026,13026,17.37,Fair (10-15k)
63990,65314,1324,1324,2.07,Excellent (<5k)
62000,57080,-4920,4920,7.94,Excellent (<5k)
30500,30328,-172,172,0.56,Excellent (<5k)
129900,119959,-9941,9941,7.65,Good (5-10k)
79000,77180,-1820,1820,2.3,Excellent (<5k)
52000,57873,5873,5873,11.29,Good (5-10k)
215000,235681,20681,20681,9.62,Poor (>20k)
32000,34330,2330,2330,7.28,Excellent (<5k)
46500,39254,-7246,7246,15.58,Good (5-10k)
63500,78819,15319,15319,24.12,Moderate (15-20k)
49000,50381,1381,1381,2.82,Excellent (<5k)
50000,44926,-5074,5074,10.15,Good (5-10k)
36700,41290,4590,4590,12.51,Excellent (<5k)
95500,111435,15935,15935,16.69,Moderate (15-20k)
41000,45677,4677,4677,11.41,Excellent (<5k)
67000,60495,-6505,6505,9.71,Good (5-10k)
34000,84312,50312,50312,147.98,Poor (>20k)
115000,103045,-11955,11955,10.4,Fair (10-15k)
22500,24400,1900,1900,8.44,Excellent (<5k)
26000,25021,-979,979,3.76,Excellent (<5k)
18000,20377,2377,2377,13.2,Excellent (<5k)
70000,38941,-31059,31059,44.37,Poor (>20k)
155000,152482,-2518,2518,1.62,Excellent (<5k)
111000,106674,-4326,4326,3.9,Excellent (<5k)
50000,51747,1747,1747,3.49,Excellent (<5k)
37000,39422,2422,2422,6.54,Excellent (<5k)
117000,113570,-3430,3430,2.93,Excellent (<5k)
30000,35984,5984,5984,19.95,Good (5-10k)
59000,52590,-6410,6410,10.87,Good (5-10k)
102000,106529,4529,4529,4.44,Excellent (<5k)
45000,46617,1617,1617,3.59,Excellent (<5k)
175000,170327,-4673,4673,2.67,Excellent (<5k)
85000,96672,11672,11672,13.73,Fair (10-15k)
57000,64326,7326,7326,12.85,Good (5-10k)
67500,62005,-5495,5495,8.14,Good (5-10k)
120000,102866,-17134,17134,14.28,Moderate (15-20k)
46000,43897,-2103,2103,4.57,Excellent (<5k)
25800,24734,-1066,1066,4.13,Excellent (<5k)
20000,19955,-45,45,0.23,Excellent (<5k)
199950,188001,-11949,11949,5.98,Fair (10-15k)
99900,111596,11696,11696,11.71,Fair (10-15k)
26000,24609,-1391,1391,5.35,Excellent (<5k)
77980,91004,13024,13024,16.7,Fair (10-15k)
38500,35297,-3203,3203,8.32,Excellent (<5k)
30000,38338,8338,8338,27.79,Good (5-10k)
53500,54743,1243,1243,2.32,Excellent (<5k)
36000,32338,-3662,3662,10.17,Excellent (<5k)
30500,40016,9516,9516,31.2,Good (5-10k)
210100,232977,22877,22877,10.89,Poor (>20k)
35000,38558,3558,3558,10.17,Excellent (<5k)
59000,55881,-3119,3119,5.29,Excellent (<5k)
78000,80550,2550,2550,3.27,Excellent (<5k)
28000,33050,5050,5050,18.04,Good (5-10k)
57000,52461,-4539,4539,7.96,Excellent (<5k)
22000,24338,2338,2338,10.63,Excellent (<5k)
114950,135404,20454,20454,17.79,Poor (>20k)
19500,23828,4328,4328,22.19,Excellent (<5k)
45000,34978,-10022,10022,22.27,Fair (10-15k)
44800,45225,425,425,0.95,Excellent (<5k)
115000,63406,-51594,51594,44.86,Poor (>20k)
42500,40087,-2413,2413,5.68,Excellent (<5k)
28500,32320,3820,3820,13.4,Excellent (<5k)
53000,65784,12784,12784,24.12,Fair (10-15k)
34000,38739,4739,4739,13.94,Excellent (<5k)
31000,34387,3387,3387,10.93,Excellent (<5k)
46500,52250,5750,5750,12.37,Good (5-10k)
33900,34060,160,160,0.47,Excellent (<5k)
75900,54908,-20992,20992,27.66,Poor (>20k)
32800,32910,110,110,0.33,Excellent (<5k)
21000,23470,2470,2470,11.76,Excellent (<5k)
43500,45708,2208,2208,5.08,Excellent (<5k)
51000,45551,-5449,5449,10.68,Good (5-10k)
112000,99917,-12083,12083,10.79,Fair (10-15k)
265000,183014,-81986,81986,30.94,Poor (>20k)
63000,68695,5695,5695,9.04,Good (5-10k)
63000,62104,-896,896,1.42,Excellent (<5k)
50000,57151,7151,7151,14.3,Good (5-10k)
24500,29910,5410,5410,22.08,Good (5-10k)
158000,158199,199,199,0.13,Excellent (<5k)
60500,69986,9486,9486,15.68,Good (5-10k)
85000,84675,-325,325,0.38,Excellent (<5k)
130000,128422,-1578,1578,1.21,Excellent (<5k)
89500,104756,15256,15256,17.05,Moderate (15-20k)
238000,225535,-12465,12465,5.24,Fair (10-15k)
41000,37252,-3748,3748,9.14,Excellent (<5k)
78000,85522,7522,7522,9.64,Good (5-10k)
24000,28121,4121,4121,17.17,Excellent (<5k)
60000,56690,-3310,3310,5.52,Excellent (<5k)
54000,46140,-7860,7860,14.56,Good (5-10k)
68990,65393,-3597,3597,5.21,Excellent (<5k)
80000,78962,-1038,1038,1.3,Excellent (<5k)
45000,59843,14843,14843,32.99,Fair (10-15k)
34500,37542,3042,3042,8.82,Excellent (<5k)
72000,74185,2185,2185,3.03,Excellent (<5k)
46000,43067,-2933,2933,6.38,Excellent (<5k)
89500,96444,6944,6944,7.76,Good (5-10k)
84000,86136,2136,2136,2.54,Excellent (<5k)
100000,112974,12974,12974,12.97,Fair (10-15k)
85000,71403,-13597,13597,16.0,Fair (10-15k)
94000,140572,46572,46572,49.54,Poor (>20k)
49000,48239,-761,761,1.55,Excellent (<5k)
56000,50906,-5094,5094,9.1,Good (5-10k)
39000,41498,2498,2498,6.41,Excellent (<5k)
54000,56515,2515,2515,4.66,Excellent (<5k)
32000,32178,178,178,0.56,Excellent (<5k)
20500,21164,664,664,3.24,Excellent (<5k)
41000,40092,-908,908,2.21,Excellent (<5k)
36000,33957,-2043,2043,5.68,Excellent (<5k)
21500,24472,2972,2972,13.82,Excellent (<5k)
68800,86404,17604,17604,25.59,Moderate (15-20k)
63000,70386,7386,7386,11.72,Good (5-10k)
195000,172532,-22468,22468,11.52,Poor (>20k)
119000,129580,10580,10580,8.89,Fair (10-15k)
121000,129864,8864,8864,7.33,Good (5-10k)
102000,111542,9542,9542,9.36,Good (5-10k)
48000,37151,-10849,10849,22.6,Fair (10-15k)
112000,106257,-5743,5743,5.13,Good (5-10k)
84000,98836,14836,14836,17.66,Fair (10-15k)
40500,45144,4644,4644,11.47,Excellent (<5k)
25000,29184,4184,4184,16.74,Excellent (<5k)
125000,131553,6553,6553,5.24,Good (5-10k)
56000,48939,-7061,7061,12.61,Good (5-10k)
25000,32171,7171,7171,28.68,Good (5-10k)
82000,73934,-8066,8066,9.84,Good (5-10k)
46500,39662,-6838,6838,14.71,Good (5-10k)
24000,22015,-1985,1985,8.27,Excellent (<5k)
170000,160788,-9212,9212,5.42,Good (5-10k)
57500,68766,11266,11266,19.59,Fair (10-15k)
54000,44496,-9504,9504,17.6,Good (5-10k)
97498,92099,-5399,5399,5.54,Good (5-10k)
63000,56268,-6732,6732,10.69,Good (5-10k)
55500,72541,17041,17041,30.7,Moderate (15-20k)
89000,89940,940,940,1.06,Excellent (<5k)
30000,32167,2167,2167,7.22,Excellent (<5k)
95000,82672,-12328,12328,12.98,Fair (10-15k)
79000,83790,4790,4790,6.06,Excellent (<5k)
43500,50888,7388,7388,16.98,Good (5-10k)
40000,36565,-3435,3435,8.59,Excellent (<5k)
32000,31544,-456,456,1.43,Excellent (<5k)
83000,101900,18900,18900,22.77,Moderate (15-20k)
110000,131084,21084,21084,19.17,Poor (>20k)
49000,38543,-10457,10457,21.34,Fair (10-15k)
53000,49039,-3961,3961,7.47,Excellent (<5k)
52000,51689,-311,311,0.6,Excellent (<5k)
83000,86023,3023,3023,3.64,Excellent (<5k)
23500,23554,54,54,0.23,Excellent (<5k)
18500,20265,1765,1765,9.54,Excellent (<5k)
37500,39374,1874,1874,5.0,Excellent (<5k)
46000,48619,2619,2619,5.69,Excellent (<5k)
157000,191056,34056,34056,21.69,Poor (>20k)
158000,163481,5481,5481,3.47,Good (5-10k)
73000,63380,-9620,9620,13.18,Good (5-10k)
105900,96483,-9417,9417,8.89,Good (5-10k)
20000,22557,2557,2557,12.79,Excellent (<5k)
30000,30508,508,508,1.69,Excellent (<5k)
96000,85672,-10328,10328,10.76,Fair (10-15k)
37000,39416,2416,2416,6.53,Excellent (<5k)
31000,39889,8889,8889,28.68,Good (5-10k)
27500,48634,21134,21134,76.85,Poor (>20k)
95000,70949,-24051,24051,25.32,Poor (>20k)
23500,21583,-1917,1917,8.16,Excellent (<5k)
38500,37320,-1180,1180,3.06,Excellent (<5k)
53000,47592,-5408,5408,10.2,Good (5-10k)
54000,59416,5416,5416,10.03,Good (5-10k)
67000,71438,4438,4438,6.62,Excellent (<5k)
136000,118856,-17144,17144,12.61,Moderate (15-20k)
36000,37471,1471,1471,4.09,Excellent (<5k)
42000,58788,16788,16788,39.97,Moderate (15-20k)
28500,26192,-2308,2308,8.1,Excellent (<5k)
35000,36769,1769,1769,5.06,Excellent (<5k)
52500,46861,-5639,5639,10.74,Good (5-10k)
47500,46384,-1116,1116,2.35,Excellent (<5k)
98000,60928,-37072,37072,37.83,Poor (>20k)
76000,77967,1967,1967,2.59,Excellent (<5k)
100000,78069,-21931,21931,21.93,Poor (>20k)
36000,43134,7134,7134,19.82,Good (5-10k)
28500,27862,-638,638,2.24,Excellent (<5k)
33900,35694,1794,1794,5.29,Excellent (<5k)
83000,74993,-8007,8007,9.65,Good (5-10k)
179900,230091,50191,50191,27.9,Poor (>20k)
45000,41445,-3555,3555,7.9,Excellent (<5k)
35500,57880,22380,22380,63.04,Poor (>20k)
64000,66584,2584,2584,4.04,Excellent (<5k)
97500,113396,15896,15896,16.3,Moderate (15-20k)
195000,199506,4506,4506,2.31,Excellent (<5k)
55000,63652,8652,8652,15.73,Good (5-10k)
84000,75824,-8176,8176,9.73,Good (5-10k)
34000,33278,-722,722,2.12,Excellent (<5k)
95000,77773,-17227,17227,18.13,Moderate (15-20k)
152980,147254,-5726,5726,3.74,Good (5-10k)
40000,44390,4390,4390,10.97,Excellent (<5k)
89900,89670,-230,230,0.26,Excellent (<5k)
42000,45586,3586,3586,8.54,Excellent (<5k)
35500,45221,9721,9721,27.38,Good (5-10k)
190000,191011,1011,1011,0.53,Excellent (<5k)
31000,31059,59,59,0.19,Excellent (<5k)
75000,68370,-6630,6630,8.84,Good (5-10k)
49000,44866,-4134,4134,8.44,Excellent (<5k)
78000,61967,-16033,16033,20.55,Moderate (15-20k)
16500,24093,7593,7593,46.02,Good (5-10k)
209000,189964,-19036,19036,9.11,Moderate (15-20k)
55000,54400,-600,600,1.09,Excellent (<5k)
150000,160117,10117,10117,6.74,Fair (10-15k)
175000,123673,-51327,51327,29.33,Poor (>20k)
39000,30749,-8251,8251,21.16,Good (5-10k)
140000,201613,61613,61613,44.01,Poor (>20k)
75000,85458,10458,10458,13.94,Fair (10-15k)
50000,61856,11856,11856,23.71,Fair (10-15k)
65000,89535,24535,24535,37.75,Poor (>20k)
29000,26217,-2783,2783,9.6,Excellent (<5k)
73000,75324,2324,2324,3.18,Excellent (<5k)
39500,41842,2342,2342,5.93,Excellent (<5k)
42000,43449,1449,1449,3.45,Excellent (<5k)
107000,111486,4486,4486,4.19,Excellent (<5k)
43800,56940,13140,13140,30.0,Fair (10-15k)
115000,103377,-11623,11623,10.11,Fair (10-15k)
33500,49716,16216,16216,48.41,Moderate (15-20k)
70000,73656,3656,3656,5.22,Excellent (<5k)
60000,69593,9593,9593,15.99,Good (5-10k)
83000,83528,528,528,0.64,Excellent (<5k)
35000,35712,712,712,2.04,Excellent (<5k)
79500,70243,-9257,9257,11.64,Good (5-10k)
40000,43376,3376,3376,8.44,Excellent (<5k)
55000,54237,-763,763,1.39,Excellent (<5k)
63000,55071,-7929,7929,12.59,Good (5-10k)
53000,48347,-4653,4653,8.78,Excellent (<5k)
32000,39818,7818,7818,24.43,Good (5-10k)
58000,66585,8585,8585,14.8,Good (5-10k)
29000,38095,9095,9095,31.36,Good (5-10k)
57000,69656,12656,12656,22.2,Fair (10-15k)
57000,59451,2451,2451,4.3,Excellent (<5k)
120000,117212,-2788,2788,2.32,Excellent (<5k)
79000,79810,810,810,1.02,Excellent (<5k)
57000,76832,19832,19832,34.79,Moderate (15-20k)
39000,49000,10000,10000,25.64,Good (5-10k)
82000,62390,-19610,19610,23.92,Moderate (15-20k)
46000,43473,-2527,2527,5.49,Excellent (<5k)
60000,61874,1874,1874,3.12,Excellent (<5k)
57000,80879,23879,23879,41.89,Poor (>20k)
73000,67405,-5595,5595,7.66,Good (5-10k)
175000,176880,1880,1880,1.07,Excellent (<5k)
268900,232776,-36124,36124,13.43,Poor (>20k)
32200,31963,-237,237,0.73,Excellent (<5k)
77000,77756,756,756,0.98,Excellent (<5k)
178000,198250,20250,20250,11.38,Poor (>20k)
56000,43821,-12179,12179,21.75,Fair (10-15k)
125000,98926,-26074,26074,20.86,Poor (>20k)
25000,34990,9990,9990,39.96,Good (5-10k)
39900,36218,-3682,3682,9.23,Excellent (<5k)
26000,27240,1240,1240,4.77,Excellent (<5k)
129980,132078,2098,2098,1.61,Excellent (<5k)
32900,39909,7009,7009,21.3,Good (5-10k)
19000,23568,4568,4568,24.04,Excellent (<5k)
169900,209833,39933,39933,23.5,Poor (>20k)
41500,31409,-10091,10091,24.32,Fair (10-15k)
128000,113071,-14929,14929,11.66,Fair (10-15k)
22800,20492,-2308,2308,10.12,Excellent (<5k)
67000,69606,2606,2606,3.89,Excellent (<5k)
47000,44426,-2574,2574,5.48,Excellent (<5k)
36000,41665,5665,5665,15.74,Good (5-10k)
75000,69777,-5223,5223,6.96,Good (5-10k)
78000,91619,13619,13619,17.46,Fair (10-15k)
147000,149783,2783,2783,1.89,Excellent (<5k)
73000,95142,22142,22142,30.33,Poor (>20k)
53000,66715,13715,13715,25.88,Fair (10-15k)
36000,27993,-8007,8007,22.24,Good (5-10k)
39000,48342,9342,9342,23.95,Good (5-10k)
45000,51680,6680,6680,14.84,Good (5-10k)
89000,110523,21523,21523,24.18,Poor (>20k)
43500,41163,-2337,2337,5.37,Excellent (<5k)
66950,71866,4916,4916,7.34,Excellent (<5k)
118000,119031,1031,1031,0.87,Excellent (<5k)
26500,23223,-3277,3277,12.37,Excellent (<5k)
32000,34109,2109,2109,6.59,Excellent (<5k)
89000,88782,-218,218,0.24,Excellent (<5k)
37500,41384,3884,3884,10.36,Excellent (<5k)
80000,80679,679,679,0.85,Excellent (<5k)
145000,138701,-6299,6299,4.34,Good (5-10k)
32500,38157,5657,5657,17.41,Good (5-10k)
82500,81667,-833,833,1.01,Excellent (<5k)
58500,65949,7449,7449,12.73,Good (5-10k)
70000,87340,17340,17340,24.77,Moderate (15-20k)
28000,32735,4735,4735,16.91,Excellent (<5k)
72500,65153,-7347,7347,10.13,Good (5-10k)
38500,51232,12732,12732,33.07,Fair (10-15k)
40000,43017,3017,3017,7.54,Excellent (<5k)
89980,80236,-9744,9744,10.83,Good (5-10k)
59000,64035,5035,5035,8.53,Good (5-10k)
28500,30949,2449,2449,8.59,Excellent (<5k)
32000,26960,-5040,5040,15.75,Good (5-10k)
54000,49346,-4654,4654,8.62,Excellent (<5k)
44000,40250,-3750,3750,8.52,Excellent (<5k)
22500,27085,4585,4585,20.38,Excellent (<5k)
46000,52598,6598,6598,14.34,Good (5-10k)
28000,28049,49,49,0.18,Excellent (<5k)
128000,123625,-4375,4375,3.42,Excellent (<5k)
70000,77425,7425,7425,10.61,Good (5-10k)
39500,35970,-3530,3530,8.94,Excellent (<5k)
84900,94790,9890,9890,11.65,Good (5-10k)
104000,81743,-22257,22257,21.4,Poor (>20k)
49000,51283,2283,2283,4.66,Excellent (<5k)
182000,187040,5040,5040,2.77,Good (5-10k)
109000,75654,-33346,33346,30.59,Poor (>20k)
226900,225557,-1343,1343,0.59,Excellent (<5k)
45000,49654,4654,4654,10.34,Excellent (<5k)
42500,41639,-861,861,2.03,Excellent (<5k)
43500,44841,1341,1341,3.08,Excellent (<5k)
150000,70175,-79825,79825,53.22,Poor (>20k)
36500,34719,-1781,1781,4.88,Excellent (<5k)
94950,92701,-2249,2249,2.37,Excellent (<5k)
65000,67962,2962,2962,4.56,Excellent (<5k)
52000,59648,7648,7648,14.71,Good (5-10k)
110000,122280,12280,12280,11.16,Fair (10-15k)
26500,31048,4548,4548,17.16,Excellent (<5k)
95000,79185,-15815,15815,16.65,Moderate (15-20k)
42500,40861,-1639,1639,3.86,Excellent (<5k)
85000,65851,-19149,19149,22.53,Moderate (15-20k)
205000,212734,7734,7734,3.77,Good (5-10k)
93000,102651,9651,9651,10.38,Good (5-10k)
29500,33032,3532,3532,11.97,Excellent (<5k)
31500,25796,-5704,5704,18.11,Good (5-10k)
147000,140705,-6295,6295,4.28,Good (5-10k)
65000,59954,-5046,5046,7.76,Good (5-10k)
87000,108616,21616,21616,24.85,Poor (>20k)
28000,29503,1503,1503,5.37,Excellent (<5k)
80900,73773,-7127,7127,8.81,Good (5-10k)
185000,162808,-22192,22192,12.0,Poor (>20k)
18000,20457,2457,2457,13.65,Excellent (<5k)
43000,41280,-1720,1720,4.0,Excellent (<5k)
95000,95775,775,775,0.82,Excellent (<5k)
22500,26488,3988,3988,17.72,Excellent (<5k)
43000,37098,-5902,5902,13.73,Good (5-10k)
42500,43754,1254,1254,2.95,Excellent (<5k)
145000,137074,-7926,7926,5.47,Good (5-10k)
70000,89003,19003,19003,27.15,Moderate (15-20k)
56000,54478,-1522,1522,2.72,Excellent (<5k)
27000,26597,-403,403,1.49,Excellent (<5k)
113000,110034,-2966,2966,2.62,Excellent (<5k)
34626,40806,6180,6180,17.85,Good (5-10k)
43000,44597,1597,1597,3.71,Excellent (<5k)
16500,40690,24190,24190,146.6,Poor (>20k)
72500,67806,-4694,4694,6.47,Excellent (<5k)
35000,38493,3493,3493,9.98,Excellent (<5k)
47000,49326,2326,2326,4.95,Excellent (<5k)
41500,46173,4673,4673,11.26,Excellent (<5k)
62000,73428,11428,11428,18.43,Fair (10-15k)
49000,38543,-10457,10457,21.34,Fair (10-15k)
209000,196712,-12288,12288,5.88,Fair (10-15k)
41500,52714,11214,11214,27.02,Fair (10-15k)
37500,39554,2054,2054,5.48,Excellent (<5k)
32800,46677,13877,13877,42.31,Fair (10-15k)
140000,107895,-32105,32105,22.93,Poor (>20k)
72500,77251,4751,4751,6.55,Excellent (<5k)
91900,84644,-7256,7256,7.9,Good (5-10k)
65000,64504,-496,496,0.76,Excellent (<5k)
48000,49440,1440,1440,3.0,Excellent (<5k)
34000,46969,12969,12969,38.14,Fair (10-15k)
137000,145745,8745,8745,6.38,Good (5-10k)
31500,29654,-1846,1846,5.86,Excellent (<5k)
48000,52515,4515,4515,9.41,Excellent (<5k)
47000,49308,2308,2308,4.91,Excellent (<5k)
32000,27401,-4599,4599,14.37,Excellent (<5k)
125000,112690,-12310,12310,9.85,Fair (10-15k)
30000,34561,4561,4561,15.2,Excellent (<5k)
145000,90834,-54166,54166,37.36,Poor (>20k)
40000,51763,11763,11763,29.41,Fair (10-15k)
46000,55801,9801,9801,21.31,Good (5-10k)
51000,50558,-442,442,0.87,Excellent (<5k)
30095,39407,9312,9312,30.94,Good (5-10k)
27000,28899,1899,1899,7.03,Excellent (<5k)
70000,50172,-19828,19828,28.33,Moderate (15-20k)
55000,63394,8394,8394,15.26,Good (5-10k)
75000,79995,4995,4995,6.66,Excellent (<5k)
24000,20534,-3466,3466,14.44,Excellent (<5k)
43500,41590,-1910,1910,4.39,Excellent (<5k)
40500,45620,5120,5120,12.64,Good (5-10k)
23000,19826,-3174,3174,13.8,Excellent (<5k)
47500,55509,8009,8009,16.86,Good (5-10k)
41000,46228,5228,5228,12.75,Good (5-10k)
198000,233639,35639,35639,18.0,Poor (>20k)
39000,44050,5050,5050,12.95,Good (5-10k)
150000,138151,-11849,11849,7.9,Fair (10-15k)
145990,150547,4557,4557,3.12,Excellent (<5k)
47000,47842,842,842,1.79,Excellent (<5k)
199980,217754,17774,17774,8.89,Moderate (15-20k)
22000,33981,11981,11981,54.46,Fair (10-15k)
38000,46349,8349,8349,21.97,Good (5-10k)
100000,106632,6632,6632,6.63,Good (5-10k)
95500,111435,15935,15935,16.69,Moderate (15-20k)
47000,46840,-160,160,0.34,Excellent (<5k)
57000,67181,10181,10181,17.86,Fair (10-15k)
60000,61737,1737,1737,2.9,Excellent (<5k)
64500,59340,-5160,5160,8.0,Good (5-10k)
37000,41002,4002,4002,10.82,Excellent (<5k)
57000,51566,-5434,5434,9.53,Good (5-10k)
252000,239627,-12373,12373,4.91,Fair (10-15k)
38000,33657,-4343,4343,11.43,Excellent (<5k)
29500,36671,7171,7171,24.31,Good (5-10k)
88000,89911,1911,1911,2.17,Excellent (<5k)
24000,27057,3057,3057,12.74,Excellent (<5k)
21000,34196,13196,13196,62.84,Fair (10-15k)
85000,64610,-20390,20390,23.99,Poor (>20k)
34000,42141,8141,8141,23.94,Good (5-10k)
69000,72963,3963,3963,5.74,Excellent (<5k)
59000,58735,-265,265,0.45,Excellent (<5k)
29000,28459,-541,541,1.87,Excellent (<5k)
38500,30131,-8369,8369,21.74,Good (5-10k)
43000,56262,13262,13262,30.84,Fair (10-15k)
46000,41072,-4928,4928,10.71,Excellent (<5k)
78998,95444,16446,16446,20.82,Moderate (15-20k)
45000,89057,44057,44057,97.9,Poor (>20k)
75000,79852,4852,4852,6.47,Excellent (<5k)
91000,65829,-25171,25171,27.66,Poor (>20k)
47000,55108,8108,8108,17.25,Good (5-10k)
139000,112916,-26084,26084,18.77,Poor (>20k)
52500,50128,-2372,2372,4.52,Excellent (<5k)
63000,72385,9385,9385,14.9,Good (5-10k)
80000,76118,-3882,3882,4.85,Excellent (<5k)
29000,32524,3524,3524,12.15,Excellent (<5k)
30000,54236,24236,24236,80.79,Poor (>20k)
40800,39638,-1162,1162,2.85,Excellent (<5k)
68000,78076,10076,10076,14.82,Fair (10-15k)
76000,79462,3462,3462,4.55,Excellent (<5k)
41500,38535,-2965,2965,7.14,Excellent (<5k)
48000,46466,-1534,1534,3.2,Excellent (<5k)
26000,24393,-1607,1607,6.18,Excellent (<5k)
42000,44104,2104,2104,5.01,Excellent (<5k)
31000,33865,2865,2865,9.24,Excellent (<5k)
33000,48825,15825,15825,47.95,Moderate (15-20k)
94500,97247,2747,2747,2.91,Excellent (<5k)
65000,64124,-876,876,1.35,Excellent (<5k)
44000,36447,-7553,7553,17.17,Good (5-10k)
46000,45420,-580,580,1.26,Excellent (<5k)
23500,20314,-3186,3186,13.56,Excellent (<5k)
33500,36553,3053,3053,9.11,Excellent (<5k)
84950,77893,-7057,7057,8.31,Good (5-10k)
69000,67327,-1673,1673,2.42,Excellent (<5k)
91998,87142,-4856,4856,5.28,Excellent (<5k)
38500,39512,1012,1012,2.63,Excellent (<5k)
28000,104812,76812,76812,274.33,Poor (>20k)
32000,34405,2405,2405,7.52,Excellent (<5k)
44000,40146,-3854,3854,8.76,Excellent (<5k)
30000,29725,-275,275,0.92,Excellent (<5k)
47498,41956,-5542,5542,11.67,Good (5-10k)
119900,145018,25118,25118,20.95,Poor (>20k)
33000,28892,-4108,4108,12.45,Excellent (<5k)
114000,126569,12569,12569,11.03,Fair (10-15k)
89000,104792,15792,15792,17.74,Moderate (15-20k)
40000,40008,8,8,0.02,Excellent (<5k)
49500,53743,4243,4243,8.57,Excellent (<5k)
58500,60064,1564,1564,2.67,Excellent (<5k)
82000,104418,22418,22418,27.34,Poor (>20k)
42500,44441,1941,1941,4.57,Excellent (<5k)
75980,84850,8870,8870,11.67,Good (5-10k)
38000,49936,11936,11936,31.41,Fair (10-15k)
40000,31409,-8591,8591,21.48,Good (5-10k)
38000,31322,-6678,6678,17.57,Good (5-10k)
73000,80243,7243,7243,9.92,Good (5-10k)
85000,71561,-13439,13439,15.81,Fair (10-15k)
58000,48789,-9211,9211,15.88,Good (5-10k)
35000,35957,957,957,2.74,Excellent (<5k)
138000,118950,-19050,19050,13.8,Moderate (15-20k)
57000,57662,662,662,1.16,Excellent (<5k)
72000,69427,-2573,2573,3.57,Excellent (<5k)
65000,72489,7489,7489,11.52,Good (5-10k)
139000,91845,-47155,47155,33.92,Poor (>20k)
60000,133597,73597,73597,122.66,Poor (>20k)
59000,48793,-10207,10207,17.3,Fair (10-15k)
58000,53057,-4943,4943,8.52,Excellent (<5k)
25000,30500,5500,5500,22.0,Good (5-10k)
24500,28936,4436,4436,18.11,Excellent (<5k)
84500,85385,885,885,1.05,Excellent (<5k)
120000,132867,12867,12867,10.72,Fair (10-15k)
36000,37171,1171,1171,3.25,Excellent (<5k)
66000,56101,-9899,9899,15.0,Good (5-10k)
37000,50569,13569,13569,36.67,Fair (10-15k)
72000,77975,5975,5975,8.3,Good (5-10k)
32500,27328,-5172,5172,15.92,Good (5-10k)
205000,201302,-3698,3698,1.8,Excellent (<5k)
41000,38112,-2888,2888,7.04,Excellent (<5k)
37000,34778,-2222,2222,6.01,Excellent (<5k)
41000,41377,377,377,0.92,Excellent (<5k)
37000,38299,1299,1299,3.51,Excellent (<5k)
48000,47081,-919,919,1.91,Excellent (<5k)
112000,116128,4128,4128,3.69,Excellent (<5k)
65000,62612,-2388,2388,3.67,Excellent (<5k)
60000,58615,-1385,1385,2.31,Excellent (<5k)
39000,30961,-8039,8039,20.61,Good (5-10k)
90000,80542,-9458,9458,10.51,Good (5-10k)
109980,96272,-13708,13708,12.46,Fair (10-15k)
195000,181825,-13175,13175,6.76,Fair (10-15k)
122000,109233,-12767,12767,10.47,Fair (10-15k)
92000,79552,-12448,12448,13.53,Fair (10-15k)
87000,111037,24037,24037,27.63,Poor (>20k)
134900,110943,-23957,23957,17.76,Poor (>20k)
45000,51283,6283,6283,13.96,Good (5-10k)
69000,94376,25376,25376,36.78,Poor (>20k)
42500,48115,5615,5615,13.21,Good (5-10k)
24500,23644,-856,856,3.5,Excellent (<5k)
82000,73641,-8359,8359,10.19,Good (5-10k)
26500,23894,-2606,2606,9.84,Excellent (<5k)
75500,52388,-23112,23112,30.61,Poor (>20k)
57000,64497,7497,7497,13.15,Good (5-10k)
73000,72296,-704,704,0.96,Excellent (<5k)
261000,242125,-18875,18875,7.23,Moderate (15-20k)
38000,38012,12,12,0.03,Excellent (<5k)
70000,62872,-7128,7128,10.18,Good (5-10k)
36000,36414,414,414,1.15,Excellent (<5k)
39900,27461,-12439,12439,31.18,Fair (10-15k)
50000,49652,-348,348,0.7,Excellent (<5k)
155000,114461,-40539,40539,26.15,Poor (>20k)
45000,35371,-9629,9629,21.4,Good (5-10k)
255000,89659,-165341,165341,64.84,Poor (>20k)
85000,57692,-27308,27308,32.13,Poor (>20k)
79000,69131,-9869,9869,12.49,Good (5-10k)
35000,41170,6170,6170,17.63,Good (5-10k)
79000,54305,-24695,24695,31.26,Poor (>20k)
38800,39488,688,688,1.77,Excellent (<5k)
45000,40661,-4339,4339,9.64,Excellent (<5k)
118000,119819,1819,1819,1.54,Excellent (<5k)
155000,170008,15008,15008,9.68,Moderate (15-20k)
36000,42913,6913,6913,19.2,Good (5-10k)
200000,137884,-62116,62116,31.06,Poor (>20k)
140000,117202,-22798,22798,16.28,Poor (>20k)
105000,106046,1046,1046,1.0,Excellent (<5k)
53000,48849,-4151,4151,7.83,Excellent (<5k)
23000,29169,6169,6169,26.82,Good (5-10k)
65500,49334,-16166,16166,24.68,Moderate (15-20k)
72000,65067,-6933,6933,9.63,Good (5-10k)
28500,25313,-3187,3187,11.18,Excellent (<5k)
121980,132078,10098,10098,8.28,Fair (10-15k)
85000,92513,7513,7513,8.84,Good (5-10k)
128000,120096,-7904,7904,6.18,Good (5-10k)
59000,49023,-9977,9977,16.91,Good (5-10k)
51000,51226,226,226,0.44,Excellent (<5k)
97000,99681,2681,2681,2.76,Excellent (<5k)
128500,144854,16354,16354,12.73,Moderate (15-20k)
31000,33328,2328,2328,7.51,Excellent (<5k)
69000,89037,20037,20037,29.04,Poor (>20k)
104900,111674,6774,6774,6.46,Good (5-10k)
22000,26405,4405,4405,20.02,Excellent (<5k)
70000,74032,4032,4032,5.76,Excellent (<5k)
112000,126708,14708,14708,13.13,Fair (10-15k)
52000,51924,-76,76,0.15,Excellent (<5k)
131980,137970,5990,5990,4.54,Good (5-10k)
32400,27146,-5254,5254,16.21,Good (5-10k)
65000,68451,3451,3451,5.31,Excellent (<5k)
61000,58861,-2139,2139,3.51,Excellent (<5k)
235000,228077,-6923,6923,2.95,Good (5-10k)
36000,34778,-1222,1222,3.4,Excellent (<5k)
75000,76218,1218,1218,1.62,Excellent (<5k)
69900,73115,3215,3215,4.6,Excellent (<5k)
115000,106083,-8917,8917,7.75,Good (5-10k)
49500,53937,4437,4437,8.96,Excellent (<5k)
42500,60167,17667,17667,41.57,Moderate (15-20k)
77000,97646,20646,20646,26.81,Poor (>20k)
52000,47291,-4709,4709,9.06,Excellent (<5k)
37500,40907,3407,3407,9.09,Excellent (<5k)
33000,38604,5604,5604,16.98,Good (5-10k)
34500,34274,-226,226,0.66,Excellent (<5k)
31500,32758,1258,1258,3.99,Excellent (<5k)
57000,59171,2171,2171,3.81,Excellent (<5k)
38300,46196,7896,7896,20.62,Good (5-10k)
96000,101583,5583,5583,5.82,Good (5-10k)
25997,23428,-2569,2569,9.88,Excellent (<5k)
107000,107087,87,87,0.08,Excellent (<5k)
62000,64476,2476,2476,3.99,Excellent (<5k)
41500,35214,-6286,6286,15.15,Good (5-10k)
19500,21555,2055,2055,10.54,Excellent (<5k)
35000,37393,2393,2393,6.84,Excellent (<5k)
266900,232625,-34275,34275,12.84,Poor (>20k)
140000,169030,29030,29030,20.74,Poor (>20k)
37500,32455,-5045,5045,13.45,Good (5-10k)
28500,28142,-358,358,1.25,Excellent (<5k)
56000,62007,6007,6007,10.73,Good (5-10k)
27500,33007,5507,5507,20.03,Good (5-10k)
97000,84021,-12979,12979,13.38,Fair (10-15k)
52000,46768,-5232,5232,10.06,Good (5-10k)
139000,112833,-26167,26167,18.83,Poor (>20k)
51000,49821,-1179,1179,2.31,Excellent (<5k)
52000,58550,6550,6550,12.6,Good (5-10k)
79000,115161,36161,36161,45.77,Poor (>20k)
32000,29837,-2163,2163,6.76,Excellent (<5k)
53000,48830,-4170,4170,7.87,Excellent (<5k)
52000,53289,1289,1289,2.48,Excellent (<5k)
37000,40551,3551,3551,9.6,Excellent (<5k)
40000,48142,8142,8142,20.35,Good (5-10k)
25500,29045,3545,3545,13.9,Excellent (<5k)
56000,46925,-9075,9075,16.21,Good (5-10k)
95000,91117,-3883,3883,4.09,Excellent (<5k)
28900,24715,-4185,4185,14.48,Excellent (<5k)
90000,93248,3248,3248,3.61,Excellent (<5k)
58000,59706,1706,1706,2.94,Excellent (<5k)
81000,75210,-5790,5790,7.15,Good (5-10k)
24500,20969,-3531,3531,14.41,Excellent (<5k)
109000,91404,-17596,17596,16.14,Moderate (15-20k)
29500,32807,3307,3307,11.21,Excellent (<5k)
110000,108899,-1101,1101,1.0,Excellent (<5k)
36000,43732,7732,7732,21.48,Good (5-10k)
41500,41961,461,461,1.11,Excellent (<5k)
42000,66577,24577,24577,58.52,Poor (>20k)
37000,41393,4393,4393,11.87,Excellent (<5k)
35000,33849,-1151,1151,3.29,Excellent (<5k)
33900,40849,6949,6949,20.5,Good (5-10k)
45000,49347,4347,4347,9.66,Excellent (<5k)
79000,106949,27949,27949,35.38,Poor (>20k)
76000,88445,12445,12445,16.38,Fair (10-15k)
57000,50961,-6039,6039,10.6,Good (5-10k)
224900,207281,-17619,17619,7.83,Moderate (15-20k)
86400,82493,-3907,3907,4.52,Excellent (<5k)
180000,192388,12388,12388,6.88,Fair (10-15k)
56000,64292,8292,8292,14.81,Good (5-10k)
58000,47583,-10417,10417,17.96,Fair (10-15k)
65000,45465,-19535,19535,30.05,Moderate (15-20k)
58000,58230,230,230,0.4,Excellent (<5k)
79000,78251,-749,749,0.95,Excellent (<5k)
24500,21684,-2816,2816,11.49,Excellent (<5k)
119000,107623,-11377,11377,9.56,Fair (10-15k)
61000,66310,5310,5310,8.7,Good (5-10k)
150000,154253,4253,4253,2.84,Excellent (<5k)
73000,78229,5229,5229,7.16,Good (5-10k)
43497,53157,9660,9660,22.21,Good (5-10k)
169900,165068,-4832,4832,2.84,Excellent (<5k)
31000,33773,2773,2773,8.94,Excellent (<5k)
50000,71885,21885,21885,43.77,Poor (>20k)
31998,42578,10580,10580,33.07,Fair (10-15k)
101650,106417,4767,4767,4.69,Excellent (<5k)
245000,212495,-32505,32505,13.27,Poor (>20k)
40000,36384,-3616,3616,9.04,Excellent (<5k)
43500,50289,6789,6789,15.61,Good (5-10k)
67000,70687,3687,3687,5.5,Excellent (<5k)
26000,31654,5654,5654,21.75,Good (5-10k)
172000,165608,-6392,6392,3.72,Good (5-10k)
27500,26686,-814,814,2.96,Excellent (<5k)
45000,64414,19414,19414,43.14,Moderate (15-20k)
80000,66813,-13187,13187,16.48,Fair (10-15k)
150000,170594,20594,20594,13.73,Poor (>20k)
30500,40859,10359,10359,33.97,Fair (10-15k)
28000,31129,3129,3129,11.17,Excellent (<5k)
262000,251600,-10400,10400,3.97,Fair (10-15k)
54000,60186,6186,6186,11.45,Good (5-10k)
91500,83943,-7557,7557,8.26,Good (5-10k)
33000,33886,886,886,2.68,Excellent (<5k)
31990,38361,6371,6371,19.92,Good (5-10k)
64950,55395,-9555,9555,14.71,Good (5-10k)
68000,71072,3072,3072,4.52,Excellent (<5k)
86000,102557,16557,16557,19.25,Moderate (15-20k)
51000,66155,15155,15155,29.72,Moderate (15-20k)
39800,37079,-2721,2721,6.84,Excellent (<5k)
45000,53913,8913,8913,19.81,Good (5-10k)
98000,112333,14333,14333,14.63,Fair (10-15k)
70000,68208,-1792,1792,2.56,Excellent (<5k)
110000,104900,-5100,5100,4.64,Good (5-10k)
47000,62968,15968,15968,33.97,Moderate (15-20k)
55000,46181,-8819,8819,16.03,Good (5-10k)
94000,109111,15111,15111,16.08,Moderate (15-20k)
75000,79518,4518,4518,6.02,Excellent (<5k)
160000,160578,578,578,0.36,Excellent (<5k)
70000,72352,2352,2352,3.36,Excellent (<5k)
20000,20188,188,188,0.94,Excellent (<5k)
60000,56854,-3146,3146,5.24,Excellent (<5k)
30000,39741,9741,9741,32.47,Good (5-10k)
32000,28655,-3345,3345,10.45,Excellent (<5k)
40000,33498,-6502,6502,16.26,Good (5-10k)
59000,55679,-3321,3321,5.63,Excellent (<5k)
41000,35641,-5359,5359,13.07,Good (5-10k)
159600,154647,-4953,4953,3.1,Excellent (<5k)
48000,49795,1795,1795,3.74,Excellent (<5k)
19000,23704,4704,4704,24.76,Excellent (<5k)
69499,67982,-1517,1517,2.18,Excellent (<5k)
55000,49354,-5646,5646,10.26,Good (5-10k)
21500,22084,584,584,2.72,Excellent (<5k)
43000,47274,4274,4274,9.94,Excellent (<5k)
179000,183713,4713,4713,2.63,Excellent (<5k)
68000,56074,-11926,11926,17.54,Fair (10-15k)
86000,90537,4537,4537,5.28,Excellent (<5k)
76000,97982,21982,21982,28.92,Poor (>20k)
28000,40574,12574,12574,44.91,Fair (10-15k)
70000,68118,-1882,1882,2.69,Excellent (<5k)
65900,64551,-1349,1349,2.05,Excellent (<5k)
37500,40131,2631,2631,7.02,Excellent (<5k)
29000,45301,16301,16301,56.21,Moderate (15-20k)
187900,189281,1381,1381,0.73,Excellent (<5k)
42000,41230,-770,770,1.83,Excellent (<5k)
140000,118327,-21673,21673,15.48,Poor (>20k)
39000,38349,-651,651,1.67,Excellent (<5k)
69000,71413,2413,2413,3.5,Excellent (<5k)
17500,19804,2304,2304,13.17,Excellent (<5k)
73000,63341,-9659,9659,13.23,Good (5-10k)
251900,232776,-19124,19124,7.59,Moderate (15-20k)
68000,73428,5428,5428,7.98,Good (5-10k)
52000,71881,19881,19881,38.23,Moderate (15-20k)
29000,33288,4288,4288,14.79,Excellent (<5k)
88000,83216,-4784,4784,5.44,Excellent (<5k)
48000,44717,-3283,3283,6.84,Excellent (<5k)
30000,29793,-207,207,0.69,Excellent (<5k)
82000,78931,-3069,3069,3.74,Excellent (<5k)
108900,110621,1721,1721,1.58,Excellent (<5k)
40500,43190,2690,2690,6.64,Excellent (<5k)
39500,39412,-88,88,0.22,Excellent (<5k)
87000,101717,14717,14717,16.92,Fair (10-15k)
62000,66953,4953,4953,7.99,Excellent (<5k)
47500,48258,758,758,1.6,Excellent (<5k)
64000,60682,-3318,3318,5.18,Excellent (<5k)
125000,115597,-9403,9403,7.52,Good (5-10k)
53000,70303,17303,17303,32.65,Moderate (15-20k)
258000,239583,-18417,18417,7.14,Moderate (15-20k)
36000,36822,822,822,2.28,Excellent (<5k)
37500,40092,2592,2592,6.91,Excellent (<5k)
269000,250585,-18415,18415,6.85,Moderate (15-20k)
80000,61719,-18281,18281,22.85,Moderate (15-20k)
108000,102740,-5260,5260,4.87,Good (5-10k)
72000,75257,3257,3257,4.52,Excellent (<5k)
52000,39862,-12138,12138,23.34,Fair (10-15k)
69000,65198,-3802,3802,5.51,Excellent (<5k)
69000,80009,11009,11009,15.95,Fair (10-15k)
47000,41225,-5775,5775,12.29,Good (5-10k)
98000,93400,-4600,4600,4.69,Excellent (<5k)
62000,61557,-443,443,0.71,Excellent (<5k)
25000,21757,-3243,3243,12.97,Excellent (<5k)
132000,119476,-12524,12524,9.49,Fair (10-15k)
78000,62822,-15178,15178,19.46,Moderate (15-20k)
124800,136883,12083,12083,9.68,Fair (10-15k)
129000,119531,-9469,9469,7.34,Good (5-10k)
19500,22742,3242,3242,16.62,Excellent (<5k)
49000,48526,-474,474,0.97,Excellent (<5k)
58000,50456,-7544,7544,13.01,Good (5-10k)
85000,56788,-28212,28212,33.19,Poor (>20k)
219900,219302,-598,598,0.27,Excellent (<5k)
84000,76944,-7056,7056,8.4,Good (5-10k)
66000,67131,1131,1131,1.71,Excellent (<5k)
81000,87114,6114,6114,7.55,Good (5-10k)
56400,55573,-827,827,1.47,Excellent (<5k)
81000,80731,-269,269,0.33,Excellent (<5k)
52000,61257,9257,9257,17.8,Good (5-10k)
44900,45191,291,291,0.65,Excellent (<5k)
